date,price_usd,inr_per_usd,gold_price_inr,fed_intrest_rate,inflation_yoy,gold_return_1d,inr_change_1d,gold_inr_return_1d
1978-01-01,207.8,8.201,1704.1678000000002,6.7,6.814310051107331,,,
1978-02-01,227.3,8.1094,1843.2666200000003,6.78,6.239460370994943,9.384023099133776,-1.116936958907444,8.162272517999703
1978-03-01,245.7,8.2078,2016.6564600000002,6.79,6.375838926174482,8.09502859656841,1.2134066638715524,9.40666087687303
1978-04-01,242.1,8.465,2049.3765,6.89,6.499999999999995,-1.46520146520146,3.1336046199956114,1.622489533988336
1978-05-01,239.2,8.5827,2052.98184,7.36,7.14285714285714,-1.1978521272201559,1.390431187241603,0.1759237504675326
1978-06-01,257.6,8.4041,2164.8961600000002,7.6,7.438016528925617,7.692307692307709,-2.080930243396617,5.451305891726754
1978-07-01,279.1,8.1665,2279.27015,7.81,7.7302631578947345,8.346273291925455,-2.8271914898680417,5.283116673826971
1978-08-01,294.7,8.0139,2361.6963299999998,8.04,7.855973813420625,5.589394482264409,-1.8686095634604771,3.616340958968811
1978-09-01,300.8,8.0365,2417.3792000000003,8.45,8.482871125611746,2.069901594842216,0.2820100076117882,2.3577489320991907
1978-10-01,355.1,7.911,2809.1961,8.96,8.92857142857142,18.05186170212767,-1.5616250855472025,16.208334215831744
1978-11-01,391.7,8.0335,3146.72195,9.76,8.870967741935477,10.306955787102211,1.5484768044495167,12.015033411159859
1978-12-01,392.0,8.216,3220.6719999999996,10.03,8.988764044943842,0.07658922644881994,2.2717371008900145,2.3500662332113453
1979-01-01,455.1,8.2091,3735.96141,10.07,9.250398724082933,16.096938775510218,-0.08398247322297658,15.99943769499037
1979-02-01,675.3,8.25,5571.224999999999,10.06,9.84126984126985,48.384970336189824,0.49822757671365014,49.12426517810311
1979-03-01,665.3,8.2418,5483.269539999999,10.09,10.252365930599373,-1.480823337775805,-0.09939393939394359,-1.5787454285188685
1979-04-01,553.6,8.2062,4542.95232,10.01,10.485133020344284,-16.789418307530426,-0.4319444781479609,-17.14884182038585
1979-05-01,517.4,8.2891,4288.780339999999,10.24,10.697674418604652,-6.539017341040465,1.0102117910847808,-5.594863474155964
1979-06-01,513.8,8.119,4171.5422,10.29,11.076923076923071,-0.6957866254348688,-2.052092507027292,-2.733600947256709
1979-07-01,600.7,7.9067,4749.55469,10.47,11.45038167938932,16.913195796029612,-2.614854046064785,13.856086365373454
1979-08-01,644.3,8.0113,5161.68059,10.94,11.836115326251884,7.258198768103874,1.3229286554441222,8.677148214920338
1979-09-01,627.2,8.1358,5102.77376,11.43,11.879699248120312,-2.6540431476020365,1.5540548974573243,-1.1412335376606464
1979-10-01,673.6,8.2259,5540.96624,13.77,12.071535022354718,7.397959183673475,1.107451018953265,8.587338976988068
1979-11-01,661.2,8.1926,5416.947120000001,13.18,12.5925925925926,-1.8408551068883616,-0.40481892558867916,-2.238221902611681
1979-12-01,623.5,8.0995,5050.0382500000005,13.78,13.254786450662737,-5.701754385964919,-1.1363913775846446,-6.773351518336401
1980-01-01,594.9,7.9882,4752.180179999999,13.82,13.868613138686126,-4.587008821170812,-1.374158898697464,-5.8981349299681245
1980-02-01,557.4,7.9816,4448.94384,14.13,14.161849710982644,-6.303580433686329,-0.08262186725419562,-6.380994165082344
1980-03-01,499.8,8.1519,4074.3196199999998,17.19,14.592274678111572,-10.333692142088257,2.133657412047696,-8.420520318368418
1980-04-01,498.8,8.07,4025.3160000000003,17.61,14.589235127478762,-0.200080032012806,-1.0046737570382214,-1.2027436374763223
1980-05-01,495.8,7.8586,3896.29388,10.98,14.425770308123242,-0.6014434643143551,-2.6195786864931847,-3.205266866005052
1980-06-01,479.7,7.8424,3761.9992799999995,9.47,14.265927977839322,-3.2472771278741486,-0.20614358791642973,-3.446726662209587
1980-07-01,460.8,7.7664,3578.75712,9.03,13.15068493150684,-3.9399624765478425,-0.9690910945628795,-4.870871745621375
1980-08-01,409.3,7.7824,3185.33632,9.61,12.890094979647216,-11.176215277777779,0.20601565718993964,-10.993224373941313
1980-09-01,410.2,7.7495,3178.8449,10.87,12.768817204301076,0.21988761299780446,-0.42274876644736725,-0.20379072562107803
1980-10-01,443.8,7.7323,3431.5947400000005,12.81,12.632978723404252,8.191126279863493,-0.2219498032131062,7.9509962879912965
1980-11-01,437.8,7.7712,3402.23136,15.85,12.631578947368416,-1.3519603424966165,0.5030844638723275,-0.8556773810651119
1980-12-01,413.4,7.9314,3278.84076,18.9,12.353706111833551,-5.5733211512106084,2.0614576899320447,-3.6267551187347924
1981-01-01,410.1,7.9576,3263.4117600000004,19.08,11.794871794871796,-0.7982583454281489,0.33033260206269954,-0.4705626509290961
1981-02-01,384.1,8.2211,3157.72451,15.93,11.392405063291132,-6.339917093391856,3.311299889413899,-3.23855087168039
1981-03-01,374.1,8.2432,3083.78112,14.7,10.611735330836458,-2.6034886748242614,0.26882047414580335,-2.3416669112784616
1981-04-01,330.3,8.2918,2738.7815400000004,15.72,10.13597033374536,-11.708099438652763,0.5895768633540355,-11.187550820727498
1981-05-01,350.3,8.4045,2944.0963500000003,18.52,9.79192166462668,6.055101422948828,1.3591741238331956,7.496574918494581
1981-06-01,333.8,8.5564,2856.1263200000003,19.1,9.696969696969692,-4.710248358549817,1.8073651020286796,-2.988014641572445
1981-07-01,315.0,8.9065,2805.5474999999997,19.04,10.774818401937058,-5.632115038945484,4.09167406853348,-1.7708887609705126
1981-08-01,339.0,9.0605,3071.5094999999997,17.82,10.817307692307686,7.619047619047614,1.7290742715993845,9.479860882768865
1981-09-01,364.2,9.1152,3319.75584,15.87,10.96543504171632,7.4336283185840735,0.6037194415319247,8.082226019486516
1981-10-01,437.3,9.1348,3994.64804,15.08,10.271546635182991,20.071389346512913,0.21502545199227896,20.329573394168655
1981-11-01,422.2,9.135,3856.797,13.31,9.579439252336464,-3.4530070889549513,0.0021894294346846976,-3.4508932606738485
1981-12-01,414.9,9.1305,3788.2444499999997,12.37,8.912037037037024,-1.7290383704405499,-0.049261083743845635,-1.777447711144775
1982-01-01,444.3,9.1525,4066.45575,13.22,8.25688073394495,7.086044830079552,0.24095065987623787,7.344069361732997
1982-02-01,481.3,9.2144,4434.890719999999,14.78,7.613636363636367,8.327706504614007,0.6763179459164048,9.060346224104343
1982-03-01,491.2,9.2935,4564.9672,14.68,6.884875846501148,2.0569291502181564,0.8584389650981183,2.933025596626204
1982-04-01,419.7,9.3923,3941.94831,14.94,6.621773288439958,-14.556188925081436,1.0631086243073185,-13.647828400607121
1982-05-01,432.9,9.2965,4024.4548499999996,14.45,6.911928651059096,3.1451036454610337,-1.01998445535173,2.0930396218209024
1982-06-01,438.0,9.4668,4146.4583999999995,14.15,7.182320441988943,1.1781011781011763,1.8318722099714968,3.031554696159655
1982-07-01,412.8,9.5633,3947.73024,12.59,6.557377049180335,-5.753424657534245,1.019351840114946,-4.792720457535515
1982-08-01,422.7,9.5741,4046.97207,10.12,5.965292841648595,2.398255813953476,0.11293172858741762,2.5138959342875467
1982-09-01,416.2,9.6495,4016.1218999999996,10.31,4.940923737916236,-1.5377336172226141,0.7875413877022508,-0.7623025181886178
1982-10-01,411.8,9.7005,3994.6659,9.71,5.032119914346889,-1.057184046131665,0.5285247940307825,-0.5342467319032207
1982-11-01,393.6,9.7968,3856.02048,9.2,4.47761194029852,-4.419621175327826,0.9927323333848603,-3.4707638503635563
1982-12-01,381.7,9.6926,3699.6654200000003,8.95,3.825717321997879,-3.023373983739841,-1.063612608198583,-4.054829605054378
1983-01-01,388.3,9.7938,3802.93254,8.68,3.7076271186440746,1.729106628242083,1.0440954955326598,2.7912556481931583
1983-02-01,370.9,9.9184,3678.73456,8.51,3.484688489968324,-4.481071336595422,1.2722334538177282,-3.2658475714112956
1983-03-01,385.9,9.9652,3845.5706799999994,8.77,3.590285110876445,4.044216770018871,0.47185029843521686,4.535149717352782
1983-04-01,394.3,9.9824,3936.06032,8.8,4.000000000000004,2.1767297227261118,0.17260065026292182,2.3530874226449283
1983-05-01,381.4,9.9895,3809.9952999999996,8.63,3.44108446298228,-3.27162059345677,0.07112518031735515,-3.2028223591858085
1983-06-01,377.4,10.0491,3792.5303399999993,8.98,2.4742268041237248,-1.0487676979548999,0.596626457780669,-0.4583984657408946
1983-07-01,377.7,10.0875,3810.04875,9.37,2.358974358974364,0.07949125596184992,0.3821237722781312,0.46191878322587865
1983-08-01,347.5,10.1874,3540.1215,9.56,2.456499488229258,-7.995763833730473,0.9903345724907142,-7.084614074819906
1983-09-01,347.7,10.2005,3546.7138499999996,9.45,2.763561924257929,0.057553956834532904,0.12859021929050307,0.18621818488431252
1983-10-01,341.1,10.229,3489.1119,9.48,2.752293577981657,-1.8981880931837725,0.27939806872212536,-1.6240935253347244
1983-11-01,340.2,10.3784,3530.7316799999994,9.34,3.1632653061224536,-0.26385224274407815,1.4605533287711303,1.192847383312623
1983-12-01,341.2,10.4895,3579.0173999999997,9.47,3.787103377686796,0.29394473838917357,1.0704925614738237,1.3675839564223136
1984-01-01,320.2,10.7152,3431.0070399999995,9.56,4.290091930541351,-6.1547479484173495,2.1516754850088082,-4.135502666178715
1984-02-01,302.8,10.7437,3253.1923600000005,9.59,4.693877551020398,-5.434103685196745,0.26597730327013736,-5.182579864365389
1984-03-01,299.1,10.7145,3204.7069500000002,9.91,4.892966360856277,-1.2219286657859985,-0.2717871869095445,-1.490394807148765
1984-04-01,303.9,10.82,3288.198,10.29,4.5546558704453455,1.6048144433299827,0.984646973727199,2.605263173907346
1984-05-01,325.3,11.0168,3583.76504,10.32,4.3346774193548265,7.04179006252057,1.8188539741220033,8.988723915044062
1984-06-01,316.4,11.0638,3500.58632,11.06,4.325955734406439,-2.735936059022448,0.4266211604095682,-2.320986980775963
1984-07-01,316.5,11.3714,3599.0481,11.23,4.308617234468937,0.03160556257901792,2.780238254487588,2.8127225270079936
1984-08-01,317.2,11.5561,3665.59492,11.64,4.295704295704317,0.2211690363349117,1.6242503121867147,1.8490116872847517
1984-09-01,329.8,11.8584,3910.90032,11.3,4.2828685258964105,3.9722572509457876,2.6159344415503494,6.692103338030608
1984-10-01,323.4,12.0268,3889.46712,9.99,4.265873015873023,-1.940570042449985,1.420090400053975,-0.5480374912751662
1984-11-01,325.8,12.0784,3935.1427200000003,9.43,4.154302670623156,0.7421150278293265,0.429041806631858,1.174340818183861
1984-12-01,325.3,12.2925,3998.7502500000005,8.38,4.043392504930954,-0.15346838551258957,1.7725857729500527,1.6163970286699136
1985-01-01,321.9,12.6119,4059.77061,8.35,3.52595494613126,-1.0451890562557797,2.5983323164531225,1.525985775180616
1985-02-01,345.4,12.9217,4463.15518,8.5,3.606237816764146,7.300403852128001,2.4564102157486056,9.936141933891186
1985-03-01,338.9,12.8614,4358.728459999999,8.58,3.790087463556846,-1.8818760856977423,-0.46665686403492,-2.3397510458061266
1985-04-01,345.7,12.4005,4286.852849999999,8.27,3.581800580832528,2.006491590439663,-3.583591210910164,-1.6490040767531577
1985-05-01,340.4,12.5005,4255.1702,7.97,3.5748792270531515,-1.5331212033555142,0.8064190960042072,-0.739065489500057
1985-06-01,342.4,12.4405,4259.6272,7.53,3.6644165863066513,0.5875440658049458,-0.4799808007679762,0.10474316632504976
1985-07-01,342.7,12.0314,4123.16078,7.88,3.458213256484166,0.08761682242990343,-3.2884530364535203,-3.203717452081245
1985-08-01,348.3,11.8977,4143.9689100000005,7.9,3.3524904214559337,1.6340822877151995,-1.1112588726166495,0.5046645306904685
1985-09-01,376.6,12.1255,4566.4633,7.92,3.2473734479465,8.1251794430089,1.9146557738050296,10.1954044341515
1985-10-01,417.7,12.0332,5026.26764,7.99,3.2350142721217834,10.913436006372802,-0.7612057234753222,10.06915658338916
1985-11-01,423.5,12.1011,5124.81585,8.05,3.5137701804368597,1.3885563801771639,0.564272180301173,1.960663797839457
1985-12-01,397.6,12.1524,4831.79424,8.27,3.791469194312791,-6.115702479338836,0.42392840320299996,-5.717700276001136
1986-01-01,390.9,12.2433,4785.90597,8.14,3.973509933774833,-1.685110663983913,0.7480003949837055,-0.9497149034227159
1986-02-01,408.3,12.37,5050.670999999999,7.86,3.19849482596426,4.45126630851882,1.0348517148154546,5.532182029058963
1986-03-01,401.1,12.289,4929.1179,7.48,2.153558052434445,-1.763409257898596,-0.654810024252217,-2.4066723015614966
1986-04-01,408.9,12.3932,5067.579479999999,6.99,1.5887850467289688,1.9446522064322957,0.8479127675156795,2.809053928290073
1986-05-01,438.4,12.4657,5464.96288,6.85,1.679104477611948,7.214477867449265,0.5849982248329777,7.841680659737782
1986-06-01,460.2,12.5986,5797.87572,6.92,1.7674418604651132,4.972627737226287,1.0661254482299487,6.091767635208534
1986-07-01,449.6,12.5077,5623.461920000001,6.56,1.671309192200554,-2.303346371142978,-0.7215087390662456,-3.00823626485045
1986-08-01,450.5,12.5667,5661.29835,6.17,1.575532900834098,0.20017793594304667,0.47170942699297225,0.6728316211306318
1986-09-01,461.2,12.6757,5846.03284,5.89,1.757631822386685,2.3751387347391795,0.8673717045843299,3.2631117206532556
1986-10-01,460.4,12.8486,5915.49544,5.85,1.5668202764977046,-0.17346053772766545,1.3640272332099856,1.1882006465088635
1986-11-01,465.4,13.0761,6085.61694,6.04,1.2844036697247765,1.0860121633362363,1.7706209236804105,2.87586224561438
1986-12-01,467.6,13.1486,6148.285360000001,6.91,1.187214611872145,0.4727116458960179,0.5544466622311006,1.0297792420697505
1987-01-01,486.2,13.0295,6334.9429,6.43,1.364877161055511,3.977758768177919,-0.9057998570189962,3.035928377924213
1987-02-01,476.6,13.0621,6225.39686,6.1,1.914311759343668,-1.974496092143141,0.25020146590428727,-1.729234844405625
1987-03-01,442.1,12.9236,5713.5235600000005,6.13,2.8414298808432603,-7.23877465379773,-1.0603195504551244,-8.222340061385246
1987-04-01,443.6,12.8145,5684.512200000001,6.37,3.679852805887762,0.33928975344945655,-0.8441920207991616,-0.5077665243757079
1987-05-01,451.6,12.666,5719.9656,6.85,3.669724770642202,1.80342651036971,-1.1588434976003814,0.6236841219198874
1987-06-01,451.1,12.8368,5790.68048,6.73,3.7477148080438782,-0.11071744906997472,1.3484920258961086,1.2362815608541355
1987-07-01,451.3,13.0126,5872.586380000001,6.58,3.926940639269394,0.04433606739082663,1.3695001869624912,1.4144434368791314
1987-08-01,437.6,13.0852,5726.08352,6.73,4.2883211678832245,-3.035674717482828,0.5579207844704337,-2.494690593210147
1987-09-01,431.3,12.9933,5604.01029,7.22,4.2727272727272725,-1.4396709323583168,-0.7023201785223088,-2.131880011418341
1987-10-01,413.5,13.0429,5393.239149999999,7.29,4.355716878402904,-4.127057732436823,0.3817352019887199,-3.7610769626192253
1987-11-01,406.8,12.9721,5277.0502799999995,6.69,4.528985507246386,-1.6203143893591232,-0.5428240652002203,-2.1543429981220052
1987-12-01,420.2,12.9345,5435.0769,6.77,4.332129963898912,3.2940019665683273,-0.28985283801388206,2.9946013703701313
1988-01-01,419.1,13.0395,5464.854450000001,6.83,4.129263913824044,-0.2617801047120283,0.8117824423054643,0.5478772526659403
1988-02-01,404.0,13.065,5278.26,6.58,3.935599284436497,-3.6029587210689606,0.19555964569193396,-3.4144450086863842
1988-03-01,387.5,12.9791,5029.40125,6.58,3.832442067736186,-4.084158415841587,-0.6574818216609213,-4.714787638350526
1988-04-01,390.2,13.1576,5134.09552,6.87,3.9929015084294575,0.6967741935483884,1.375287962955829,2.081644808117078
1988-05-01,384.4,13.3157,5118.555079999999,7.09,3.9823008849557473,-1.486417221937475,1.2015869155469039,-0.30269090123981046
1988-06-01,371.1,13.7859,5115.9474900000005,7.51,3.96475770925111,-3.4599375650364084,3.5311699722883505,-0.05094386910453608
1988-07-01,367.6,14.0795,5175.6242,7.75,4.130052724077338,-0.943142010239828,2.1297122422184955,1.1664840211250915
1988-08-01,375.0,14.217,5331.375,8.01,4.111986001749779,2.013057671381935,0.9765971802976114,3.0093143161360025
1988-09-01,365.1,14.4895,5290.11645,8.19,4.184829991281602,-2.639999999999998,1.916719420412183,-0.7738819722866941
1988-10-01,361.8,14.72,5325.696000000001,8.3,4.260869565217407,-0.9038619556285932,1.590807136202077,0.6725664800819375
1988-11-01,366.9,14.966,5491.0253999999995,8.35,4.246100519930662,1.4096185737976663,1.6711956521739069,3.1043717102891
1988-12-01,394.3,15.019,5921.9917000000005,8.76,4.41176470588236,7.467974925047716,0.3541360416945194,7.848557757536523
1989-01-01,409.4,15.0925,6178.8695,9.12,4.482758620689653,3.829571392340858,0.48938011851653584,4.337692671875915
1989-02-01,410.1,15.2405,6250.1290500000005,9.36,4.647160068846801,0.1709819247679656,0.980619513003167,1.1532781198891007
1989-03-01,416.8,15.4674,6446.81232,9.85,4.892703862660941,1.6337478663740468,1.4887962993340054,3.146867343483084
1989-04-01,393.1,15.718,6178.745800000001,9.84,5.034129692832767,-5.686180422264875,1.620181801724918,-4.158125080954733
1989-05-01,374.2,16.1018,6025.29356,9.81,5.276595744680845,-4.807936911727307,2.4417864868303996,-2.4835499787028037
1989-06-01,369.1,16.4195,6060.43745,9.53,5.16949152542372,-1.3629075360769516,1.9730713336397088,0.5832726596644022
1989-07-01,352.3,16.416,5783.3568000000005,9.24,5.063291139240511,-4.551612029260365,-0.021316118030378917,-4.571957920298308
1989-08-01,362.5,16.6091,6020.798750000001,8.99,4.621848739495804,2.8952597218279807,1.1762914230019517,4.105607836611425
1989-09-01,394.7,16.745,6609.2515,9.02,4.435146443514637,8.882758620689657,0.8182261531329171,9.773665827976718
1989-10-01,389.3,16.819,6547.6367,8.84,4.587155963302747,-1.3681276919179086,0.4419229620782117,-0.9322508002608254
1989-11-01,380.7,16.9248,6443.271360000001,8.55,4.655029093931851,-2.209093244284621,0.6290504786253814,-1.5939390772856887
1989-12-01,381.7,16.932,6462.944399999999,8.45,4.639602319801162,0.26267402153927755,0.04254112308563762,0.30532688910371863
1990-01-01,377.0,16.9633,6395.1641,8.23,5.198019801980203,-1.2313335079905618,0.1848570753602674,-1.0487526397411018
1990-02-01,383.6,16.9895,6517.1722,8.24,5.263157894736836,1.7506631299734732,0.1544510796837928,1.9078181277631279
1990-03-01,363.8,17.1164,6226.94632,8.28,5.237315875613735,-5.161626694473409,0.7469319285440923,-4.453248603742588
1990-04-01,363.3,17.2943,6283.01919,8.26,4.711616571892785,-0.1374381528312263,1.03935406978104,0.9004874479149105
1990-05-01,358.4,17.3245,6209.1008,8.18,4.365400161681476,-1.3487475915221703,0.17462400906658182,-1.176478819572091
1990-06-01,357.0,17.421,6219.297,8.29,4.673650282030639,-0.3906249999999889,0.5570146324569203,0.16421379404887304
1990-07-01,366.7,17.4119,6384.94373,8.15,4.819277108433728,2.717086834733884,-0.05223580735893574,2.663431735130195
1990-08-01,367.7,17.3465,6378.30805,8.13,5.702811244979911,0.2727024815925905,-0.37560518955427336,-0.10392699263459537
1990-09-01,356.3,17.8595,6363.33985,8.2,6.169871794871806,-3.10035354908893,2.9573689216845,-0.23467351972752404
1990-10-01,348.7,18.0736,6302.264319999999,8.11,6.379585326953752,-2.133033960145947,1.1988017581679111,-0.9598030505945876
1990-11-01,358.7,18.0975,6491.5732499999995,7.81,6.195393169181873,2.867794665901924,0.13223707507081794,3.003824028757962
1990-12-01,360.2,18.1272,6529.417439999999,7.31,6.254948535233562,0.41817674937274507,0.1641110650642208,0.5829740887542068
1991-01-01,361.7,18.339,6633.216299999999,6.91,5.647058823529405,0.41643531371460263,1.1684099033496542,1.5897108885107425
1991-02-01,354.5,18.86,6685.87,6.25,5.312500000000009,-1.9905999447055511,2.840940073068321,0.7937883768391663
1991-03-01,353.9,19.2429,6810.062309999999,6.12,4.821150855365497,-0.1692524682651686,2.0302226935312806,1.8575340232460213
1991-04-01,344.3,19.9064,6853.773520000001,5.91,4.809930178432875,-2.7126306866346317,3.448024985838938,0.6418621153556181
1991-05-01,338.6,20.5186,6947.59796,5.78,5.034856700232382,-1.655532965437112,3.0753928384841034,1.368945730789184
1991-06-01,337.2,21.062,7102.106400000001,5.9,4.695919938414161,-0.41346721795629815,2.648328833351221,2.223911643845322
1991-07-01,340.8,25.6127,8728.80816,5.82,4.367816091954024,1.067615658362997,21.606210236444777,22.904497178470873
1991-08-01,352.7,25.8457,9115.77839,5.66,3.7993920972644313,3.491784037558676,0.9097049510594424,4.433253920888092
1991-09-01,343.1,25.8335,8863.47385,5.45,3.396226415094339,-2.721859937624038,-0.04720320981826953,-2.76777834218499
1991-10-01,345.4,25.7973,8910.38742,5.21,2.8485757121439192,0.6703584960652709,-0.14012812820562992,0.5292910070468393
1991-11-01,344.4,25.8021,8886.24324,4.81,3.0665669409125185,-0.2895193977996535,0.01860659836494527,-0.27096666914623313
1991-12-01,335.0,25.818,8649.03,4.43,2.980625931445613,-2.7293844367014986,0.06162289116002917,-2.669443471142241
1992-01-01,334.8,25.8629,8658.89892,4.03,2.672605790645899,-0.05970149253731183,0.17390967542023628,0.1141043562110422
1992-02-01,329.0,25.9921,8551.4009,4.06,2.818991097922829,-1.7323775388291551,0.499557280892704,-1.2414744760642082
1992-03-01,329.3,28.3777,9344.77661,3.98,3.189910979228472,0.09118541033434902,9.178173368061838,9.277727933443058
1992-04-01,330.1,28.8962,9538.635620000001,3.73,3.182827535159149,0.2429395687822744,1.8271389154159712,2.0745173276004003
1992-05-01,342.2,28.5415,9766.9013,3.82,3.023598820059004,3.665555892153871,-1.2274970411334407,2.393064260903155
1992-06-01,367.2,28.5186,10472.029919999999,3.76,3.0147058823529305,7.305669199298648,-0.08023404516230848,7.219573520211564
1992-07-01,371.9,28.5639,10622.91441,3.25,3.1571218795888534,1.2799564270152386,0.15884370200500708,1.4408332591929751
1992-08-01,392.2,28.4635,11163.384699999999,3.3,3.074670571010252,5.458456574347936,-0.3514926183049272,5.087777884110811
1992-09-01,378.8,28.4757,10786.59516,3.22,2.9927007299270114,-3.4166241713411427,0.04286191086830815,-3.375226690879851
1992-10-01,355.3,28.4767,10117.77151,3.1,3.279883381924198,-6.2038014783526885,0.0035117661725703186,-6.200507575181868
1992-11-01,364.2,28.4737,10370.12154,3.09,3.12046444121914,2.504925415142134,-0.010534928555627765,2.4941265944836477
1992-12-01,373.8,28.9786,10832.20068,2.92,2.966714905933454,2.635914332784184,1.7732152828750625,4.455870051451671
1993-01-01,383.3,29.0432,11132.25856,3.02,3.2537960954446943,2.5414660246120935,0.22292312258009872,2.7700546626135747
1993-02-01,386.9,30.0421,11623.288489999999,3.03,3.2467532467532534,0.9392121054004665,3.439359299250788,4.410874283538013
1993-03-01,381.9,31.9391,12197.54229,3.07,3.0194104960460155,-1.2923235978288927,6.314472024259277,4.940545014382591
1993-04-01,384.1,31.6095,12141.20895,2.96,3.1563845050215145,0.5760670332547901,-1.0319639564045247,-0.4618417272976627
1993-05-01,377.3,31.6125,11927.39625,3.0,3.2211882605583497,-1.770372298880507,0.009490817633950321,-1.7610495040528917
1993-06-01,381.4,31.6682,12078.251479999999,3.04,2.9978586723768963,1.0866684336072074,0.17619612495056725,1.2647792262288515
1993-07-01,385.6,31.6,12184.960000000001,3.06,2.8469750889679624,1.1012060828526682,-0.2153579931919003,0.8834765543398237
1993-08-01,385.5,31.6123,12186.541650000001,3.03,2.840909090909083,-0.025933609958517234,0.038924050632904716,0.012980346262936315
1993-09-01,380.4,31.5776,12012.11904,3.09,2.763997165131116,-1.3229571984435862,-0.10976740066366286,-1.4312724233786378
1993-10-01,391.6,31.505,12337.358,2.99,2.752293577981657,2.9442691903259766,-0.229909809485207,2.707590217154565
1993-11-01,389.8,31.4335,12252.7783,3.02,2.744546094299793,-0.4596527068437162,-0.22694810347564376,-0.6855576372186034
1993-12-01,384.4,31.44,12085.536,2.96,2.8109627547435068,-1.38532580810673,0.020678575405219668,-1.3649336983433402
1994-01-01,379.3,31.44,11925.192000000001,3.05,2.450980392156854,-1.326742976066586,0.0,-1.326742976066586
1994-02-01,378.6,31.4489,11906.55354,3.25,2.515723270440251,-0.1845504877405757,0.028307888040712825,-0.15629484204531252
1994-03-01,376.6,31.4147,11830.776020000001,3.34,2.6517794836008246,-0.5282620179609121,-0.10874784173691143,-0.6364353861545657
1994-04-01,382.1,31.3914,11994.65394,3.56,2.364394993045882,1.460435475305366,-0.07416909917967729,1.385183184289529
1994-05-01,391.0,31.3754,12267.7814,4.01,2.288488210818307,2.3292331850300885,-0.05096937377753186,2.277076615684326
1994-06-01,385.2,31.3845,12089.3094,4.25,2.494802494802495,-1.4833759590792917,0.02900361429654108,-1.4548025774244744
1994-07-01,387.6,31.3764,12161.49264,4.26,2.69896193771626,0.6230529595015577,-0.02580891841513777,0.5970832378564106
1994-08-01,386.2,31.3727,12116.136739999998,4.47,2.900552486187835,-0.3611971104231282,-0.011792302494872953,-0.3729468194621388
1994-09-01,383.7,31.3723,12037.55151,4.73,2.965517241379323,-0.6473329880890777,-0.001274993864086582,-0.6485997284972789
1994-10-01,383.1,31.3726,12018.84306,4.76,2.609890109890123,-0.15637216575448143,0.000956257590289944,-0.15541740348490318
1994-11-01,383.1,31.394,12027.0414,5.29,2.602739726027403,0.0,0.06821238915486472,0.06821238915486472
1994-12-01,385.3,31.3894,12094.33582,5.45,2.597402597402576,0.5742625946228097,-0.014652481365862169,0.5595259695372778
1995-01-01,387.4,31.3736,12154.13264,5.53,2.8708133971291794,0.545029846872569,-0.050335463564132876,0.4944200400084364
1995-02-01,399.5,31.3795,12536.11025,5.92,2.862985685071595,3.1233866804336596,0.018805620011730362,3.1427796726759993
1995-03-01,404.8,31.5865,12786.2152,5.98,2.7872195785180187,1.32665832290364,0.6596663426759575,1.9950761840180853
1995-04-01,396.2,31.4073,12443.572259999999,6.05,3.125000000000022,-2.1245059288537593,-0.5673309800072857,-2.679783928554569
1995-05-01,392.9,31.4179,12344.09291,6.01,3.1186440677966054,-0.8329126703685019,0.033750115419017845,-0.7994436639370606
1995-06-01,391.9,31.4037,12307.11003,6.0,3.0425963488843744,-0.2545176889793832,-0.04519716467363821,-0.2995998188740079
1995-07-01,385.3,31.3853,12092.75609,5.85,2.8301886792452717,-1.684103087522315,-0.058591821982756365,-1.741708162822031
1995-08-01,383.5,31.5923,12115.647050000001,5.74,2.617449664429538,-0.46716844017649084,0.6595444364081215,0.18929481277580873
1995-09-01,387.3,33.3098,12900.885540000001,5.8,2.54521098459477,0.990873533246428,5.4364512871807325,6.481193177379652
1995-10-01,383.2,34.6564,13280.33248,5.76,2.7443105756358666,-1.0586108959462992,4.042654113804334,2.9412472409238832
1995-11-01,381.1,34.71,13227.981000000002,5.8,2.603471295060067,-0.5480167014613735,0.15466118812110796,-0.39420308248184766
1995-12-01,377.9,34.9663,13213.764769999998,5.6,2.5316455696202667,-0.8396746260824095,0.7384039181791868,-0.10747089824216793
1996-01-01,369.0,35.8117,13214.517300000001,5.56,2.7906976744185963,-2.355120402222799,2.417756525568926,0.005695046136366955
1996-02-01,355.1,36.5945,12994.70695,5.22,2.717031146454607,-3.766937669376691,2.185877799713487,-1.6634005239071548
1996-03-01,346.6,34.4852,11952.57032,5.31,2.8439153439153486,-2.393691917769647,-5.763980926095447,-8.019700898295357
1996-04-01,351.8,34.3195,12073.6001,5.22,2.832674571805005,1.5002885170225078,-0.48049598088455436,1.0125837101119695
1996-05-01,344.5,35.025,12066.1125,5.24,2.827087442472065,-2.075042637862423,2.055682629408939,-0.06201629951285703
1996-06-01,343.8,35.0995,12067.2081,5.27,2.8215223097112663,-0.20319303338171002,0.21270521056389047,0.009079975012671326
1996-07-01,340.8,35.6673,12155.41584,5.4,2.8833551769331667,-0.8726003490401424,1.6176868616361917,0.7309705713950398
1996-08-01,324.1,35.8,11602.78,5.22,2.8122956180510084,-4.900234741784038,0.3720494682804665,-4.546416570804867
1996-09-01,324.0,35.87,11621.88,5.3,3.004572175048992,-0.0308546744831939,0.1955307262569761,0.16461572140469283
1996-10-01,322.8,35.8036,11557.402080000002,5.24,3.0618892508143203,-0.37037037037036535,-0.18511290772231792,-0.5547976747307448
1996-11-01,324.9,35.8392,11644.156079999999,5.31,3.253090435914108,0.6505576208178265,0.09943134209966509,0.7506358210910058
1996-12-01,306.0,35.8815,10979.739000000001,5.29,3.378817413905133,-5.817174515235446,0.11802718810689505,-5.70601317463616
1997-01-01,288.7,35.9037,10365.39819,5.25,3.0381383322559907,-5.653594771241832,0.06187032314701746,-5.595222345449214
1997-02-01,289.1,35.8905,10375.943550000002,5.19,3.032258064516125,0.13855213023901136,-0.03676501307664504,0.10173617845357086
1997-03-01,297.5,35.8848,10675.728,5.39,2.7652733118971096,2.9055690072639084,-0.015881639988313268,2.889225915266258
1997-04-01,295.9,35.8281,10601.53479,5.51,2.434336963484962,-0.5378151260504227,-0.1580056179775302,-0.6949709659144543
1997-05-01,308.3,35.8248,11044.785840000002,5.5,2.237851662404089,4.190604934099373,-0.009210647508506309,4.181008304741907
1997-06-01,299.1,35.8202,10713.821820000001,5.56,2.233567326100827,-2.9841063898799813,-0.012840267077562917,-2.996563489727211
1997-07-01,292.3,35.7474,10448.96502,5.52,2.165605095541401,-2.2734871280508218,-0.20323727952384907,-2.472103834185302
1997-08-01,292.9,36.0085,10546.88965,5.54,2.290076335877877,0.20526855969893454,0.7304027705511418,0.937170617497185
1997-09-01,284.1,36.4756,10362.71796,5.54,2.21940393151554,-3.004438374871954,1.2971937181498916,-1.7462180425866003
1997-10-01,289.0,36.302,10491.278,5.5,2.0859671302149163,1.7247448081661343,-0.47593459737468313,1.2406015535329828
1997-11-01,295.9,37.2889,11033.785509999998,5.52,1.8903591682419616,2.3875432525951368,2.7185829981819065,5.1710335957163345
1997-12-01,294.1,39.4,11587.54,5.5,1.6970458830924071,-0.6083136194660166,5.661470303495153,5.018717189110955
1998-01-01,291.7,39.391,11490.3547,5.56,1.6311166875784044,-0.8160489629377876,-0.022842639593911862,-0.8387051954081848
1998-02-01,287.1,39.0079,11199.168090000001,5.51,1.440200375704448,-1.5769626328419495,-0.9725571831128876,-2.534182952594133
1998-03-01,287.3,39.5686,11368.058780000001,5.49,1.3767209011263937,0.06966213862764636,1.437401141820005,1.508064604823689
1998-04-01,286.0,39.7029,11355.0294,5.45,1.4383989993745905,-0.4524886877828038,0.3394105427030336,-0.1146139393906398
1998-05-01,282.6,40.4687,11436.45462,5.49,1.6885553470919357,-1.1888111888111785,1.9288263577723619,0.7170850654072414
1998-06-01,276.4,42.3668,11710.183519999999,5.56,1.6229712858926382,-2.1939136588818298,4.690291509240474,2.3934769042960546
1998-07-01,261.3,42.6118,11134.46334,5.54,1.74563591022443,-5.463096960926183,0.5782829951754831,-4.916406126485695
1998-08-01,256.1,42.8429,10972.066690000001,5.55,1.6169154228855789,-1.990049751243772,0.5423380378205112,-1.4585045101958127
1998-09-01,256.7,42.579,10930.0293,5.51,1.4267990074441794,0.23428348301444135,-0.6159713744867901,-0.3831310106628738
1998-10-01,264.7,42.3943,11221.771209999999,5.07,1.4860681114551078,3.1164783794312534,-0.4337819112708141,2.6691777486817836
1998-11-01,310.7,42.4284,13182.50388,4.83,1.4842300556586308,17.37816395919909,0.08043534154356102,17.472577486277242
1998-12-01,293.2,42.5909,12487.65188,4.68,1.606922126081578,-5.632442870936593,0.38299818046401146,-5.27101684418394
1999-01-01,287.1,42.5453,12214.75563,4.63,1.6666666666666607,-2.0804911323328623,-0.10706512424015768,-2.1853287761573914
1999-02-01,287.3,42.5316,12219.32868,4.76,1.6666666666666607,0.06966213862764636,-0.0322009716701932,0.0374387350719374
1999-03-01,286.0,42.5161,12159.6046,4.81,1.728395061728394,-0.4524886877828038,-0.03644349142754022,-0.4887672765342077
1999-04-01,282.6,42.7968,12094.375680000001,4.74,2.281134401972884,-1.1888111888111785,0.6602204811824164,-0.5364394825798868
1999-05-01,276.4,42.859,11846.2276,4.74,2.091020910209096,-2.1939136588818298,0.14533796919395936,-2.0517642792455493
1999-06-01,261.3,43.2127,11291.47851,4.76,1.96560196560196,-5.463096960926183,0.82526423854965,-4.682917707912337
1999-07-01,256.1,43.3567,11103.65087,4.99,2.1446078431372584,-1.990049751243772,0.3332353683060729,-1.6634459325557516
1999-08-01,256.7,43.5032,11167.271439999999,5.07,2.2643818849449104,0.23428348301444135,0.3378947198472204,0.5729698343802436
1999-09-01,264.7,43.5981,11540.41707,5.22,2.629969418960254,3.1164783794312534,0.2181448721013668,3.341421689307489
1999-10-01,310.7,43.5528,13531.854959999999,5.2,2.56253813300793,17.37816395919909,-0.10390361047845076,17.25620380893218
1999-11-01,293.2,43.458,12741.8856,5.42,2.620353443022561,-5.632442870936593,-0.2176668319832431,-5.8378497429594
1999-12-01,283.1,43.5239,12321.61609,5.3,2.676399026763998,-3.4447476125511467,0.15164066454966818,-3.298330586173215
2000-01-01,284.3,43.5895,12392.494850000001,5.45,2.792956891317555,0.4238784881667179,0.15072178733983588,0.5752391527400702
2000-02-01,299.9,43.654,13091.8346,5.73,3.217972070431085,5.4871614491734055,0.14797141513438472,5.643252294754819
2000-03-01,286.4,43.6383,12498.009119999999,5.85,3.762135922330101,-4.501500500166722,-0.03596463096166014,-4.535846183085768
2000-04-01,279.7,43.6847,12218.61059,6.02,3.013863773357439,-2.3393854748603338,0.10632861500103896,-2.235544296034231
2000-05-01,275.2,44.0759,12129.68768,6.27,3.1325301204819134,-1.6088666428316079,0.8955080382834213,-0.7277661346600017
2000-06-01,285.7,44.7605,12788.074849999999,6.53,3.7349397590361377,3.8154069767441845,1.5532297695566077,5.427898783293328
2000-07-01,281.6,44.8405,12627.0848,6.54,3.5992801439711952,-1.435071753587669,0.17872901330413526,-1.2589076298689217
2000-08-01,274.5,45.7687,12563.508150000001,6.5,3.3512866546977715,-2.5213068181818232,2.070003679709198,-0.5034942823857413
2000-09-01,273.7,45.968,12581.4416,6.52,3.45649582836709,-0.2914389799635764,0.4354504279125315,0.14274237566358483
2000-10-01,270.0,46.4252,12534.803999999998,6.51,3.4503271861986877,-1.3518450858604258,0.9946049425687331,-0.3706856613315379
2000-11-01,266.0,46.8214,12454.4924,6.51,3.444180522565321,-1.4814814814814836,0.8534158172716522,-0.6407088615027368
2000-12-01,271.5,46.7845,12701.991750000001,6.4,3.4360189573459543,2.0676691729323293,-0.07881011674147897,1.98722952370185
2001-01-01,265.5,46.6138,12375.963899999999,5.98,3.7212049616065945,-2.209944751381221,-0.36486443159594595,-2.566745880621457
2001-02-01,261.9,46.5616,12194.48304,5.49,3.529411764705892,-1.3559322033898424,-0.11198400473679815,-1.4663977809437512
2001-03-01,263.0,46.6532,12269.791599999999,5.31,2.9824561403508643,0.4200076365024952,0.19672863475481694,0.6175625465464574
2001-04-01,260.5,46.7886,12188.4303,4.8,3.2182562902282053,-0.9505703422053258,0.2902266082498217,-0.663102542018712
2001-05-01,272.4,46.9473,12788.44452,4.21,3.56308411214954,4.568138195777349,0.3391851861350714,4.922817829954673
2001-06-01,270.2,47.0424,12710.85648,3.97,3.193960511033689,-0.8076358296622566,0.20256755979577434,-0.6067042780586673
2001-07-01,267.5,47.1781,12620.14175,3.77,2.7214823393167498,-0.999259807549957,0.28846317364761287,-0.7136791304562018
2001-08-01,272.4,47.1665,12848.154599999998,3.65,2.7214823393167498,1.8317757009345792,-0.0245876794529698,1.8067376303439575
2001-09-01,283.4,47.7511,13532.66174,3.07,2.5921658986175045,4.038179148311305,1.2394390086184037,5.327668924531781
2001-10-01,283.1,48.0514,13603.351340000001,2.49,2.127659574468077,-0.10585744530696717,0.6288860361332027,0.5223628681344739
2001-11-01,276.2,48.043,13269.4766,2.09,1.894374282433997,-2.4373013069586835,-0.017481280462172677,-2.4543565159436787
2001-12-01,275.9,47.9345,13225.12855,1.82,1.603665521191311,-0.10861694424331159,-0.22583935224694818,-0.33421099668694554
2002-01-01,281.5,48.3533,13611.45395,1.73,1.1958997722095743,2.029720913374411,0.8736922258498536,2.9211466530508767
2002-02-01,295.5,48.7168,14395.8144,1.74,1.1363636363636465,4.97335701598578,0.7517584115251719,5.762503057213819
2002-03-01,294.1,48.7667,14342.286470000001,1.73,1.362862010221466,-0.47377326565143374,0.1024287309511207,-0.371829814643887
2002-04-01,302.7,48.9386,14813.71422,1.75,1.643990929705219,2.924175450527011,0.3524946326079137,3.286977644646072
2002-05-01,314.5,49.0168,15415.7836,1.75,1.2408347433727984,3.8982490915097534,0.1597920659765606,4.064270250246538
2002-06-01,321.2,48.984,15733.6608,1.75,1.0692177827799745,2.1303656597774223,-0.06691583293891856,2.0620242749126216
2002-07-01,313.3,48.7877,15285.18641,1.73,1.465614430665152,-2.4595267745952554,-0.4007430997876926,-2.850413490546333
2002-08-01,310.3,48.615,15085.2345,1.74,1.747463359639223,-0.9575486753909956,-0.3539826636631771,-1.308141782747152
2002-09-01,319.1,48.4625,15464.38375,1.75,1.516002245929271,2.8359651949726006,-0.3136891905790473,2.513379888128364
2002-10-01,316.6,48.3882,15319.70412,1.75,2.027027027027017,-0.7834534628643031,-0.15331441836471393,-0.9355667341092722
2002-11-01,319.1,48.2853,15407.839230000001,1.34,2.2535211267605604,0.7896399241945629,-0.21265515146253744,0.5753055627552239
2002-12-01,331.9,48.1495,15980.81905,1.24,2.480270574971821,4.011281729865224,-0.28124501659925194,3.718755183298983
2003-01-01,356.9,47.9571,17115.88899,1.24,2.757456387169399,7.532389273877671,-0.3995887807765497,7.102701910638309
2003-02-01,359.0,47.7474,17141.3166,1.26,3.146067415730336,0.588400112076215,-0.4372658063143908,0.14856143326738014
2003-03-01,340.6,47.6767,16238.68402,1.25,3.025210084033625,-5.1253481894150354,-0.1480708897238392,-5.265829930473354
2003-04-01,328.2,47.3909,15553.69338,1.26,2.175125488008911,-3.6406341749853244,-0.5994542407507075,-4.218264479783873
2003-05-01,355.7,47.11,16757.027,1.26,1.8941504178273003,8.379037172455828,-0.5927298278783577,7.736642291967288
2003-06-01,356.4,46.6995,16643.7018,1.22,1.948775055679297,0.1967950520101125,-0.8713648906813809,-0.6762846416610735
2003-07-01,351.0,46.22,16223.22,1.01,2.055555555555544,-1.5151515151515138,-1.0267775886251496,-2.526371867585364
2003-08-01,359.8,45.9557,16534.86086,1.03,2.216066481994461,2.5071225071225056,-0.5718303764604027,1.9209556425913155
2003-09-01,379.0,45.8467,17375.8993,1.01,2.378318584070782,5.336297943301838,-0.23718494114984834,5.086456107015591
2003-10-01,378.9,45.4036,17203.424039999998,1.01,2.041942604856528,-0.026385224274416696,-0.9664817751332211,-0.9926119910236952
2003-11-01,389.9,45.5544,17761.66056,1.0,1.9283746556473915,2.9031406703615703,0.3321322538301086,3.2449151907320006
2003-12-01,407.0,45.5741,18548.6587,0.98,2.0352035203520247,4.385739933316235,0.04324499938535009,4.4308815459087825
2004-01-01,413.8,45.456,18809.6928,1.0,2.026286966046009,1.670761670761678,-0.2591384141431119,1.4072936713208417
2004-02-01,404.9,45.2726,18330.87574,1.01,1.688453159041381,-2.1507974867085666,-0.40346708905316664,-2.5455868157506556
2004-03-01,406.7,44.9693,18289.01431,1.0,1.7400761283306032,0.44455421091627034,-0.6699416424062243,-0.22836568527194734
2004-04-01,403.3,43.8918,17701.562940000003,1.0,2.2925764192139875,-0.8359970494221769,-2.396079102854598,-3.212045001675079
2004-05-01,383.8,45.1755,17338.3569,1.0,2.8977583378895444,-4.83511033969749,2.9246920837149526,-2.0518303453265885
2004-06-01,392.4,45.5027,17855.259479999997,1.03,3.1676679410158397,2.2407503908285387,0.7242863941738342,2.9812662352105557
2004-07-01,398.1,46.0557,18334.77417,1.26,2.939575394665228,1.4525993883792276,1.2153124979396912,2.6855655082308694
2004-08-01,400.5,46.322,18551.961,1.43,2.5474254742547275,0.6028636021100153,0.5782129030717176,1.1845623403170524
2004-09-01,405.3,46.0548,18666.010440000002,1.61,2.539168017287952,1.1985018726591745,-0.5768317430162817,0.6147567904007722
2004-10-01,420.5,45.7355,19231.77775,1.76,3.1909140075716547,3.750308413520842,-0.693304498119629,3.0310028584769055
2004-11-01,439.4,45.0325,19787.280499999997,1.93,3.621621621621607,4.494649227110581,-1.5370991899071873,2.8884628203442952
2004-12-01,442.1,43.847,19384.758700000002,2.16,3.3423180592991875,0.6144742831133421,-2.6325431632709617,-2.0342451808877726
2005-01-01,424.0,43.615,18492.760000000002,2.28,2.8448738593666034,-4.094096358289989,-0.5291125960727006,-4.601546574835624
2005-02-01,423.4,43.5758,18449.99372,2.5,3.0530262453133394,-0.14150943396227245,-0.08987733577897616,-0.23125958483213305
2005-03-01,434.3,43.5861,18929.44323,2.63,3.2068412613575736,2.574397732640543,0.023636972815177515,2.5986432151479555
2005-04-01,429.2,43.6419,18731.103479999998,2.79,3.3617929562433257,-1.1743034768593175,0.12802246587788613,-1.047784383249406
2005-05-01,421.9,43.4095,18314.46805,3.0,2.869287991498415,-1.7008387698042915,-0.532515770394959,-2.224297305521039
2005-06-01,430.7,43.5245,18746.00215,3.04,2.541026998411855,2.085802322825314,0.26491896935003645,2.356246978191656
2005-07-01,424.5,43.434,18437.733,3.26,3.067160232681121,-1.4395170652426237,-0.20792886764926521,-1.6444527613585058
2005-08-01,437.9,43.55,19070.545,3.5,3.646934460887952,3.1566548881036383,0.26707187917298647,3.4321573048053056
2005-09-01,456.1,43.8462,19998.25182,3.62,4.741833508956805,4.156200045672542,0.6801377726751046,4.8646057047661895
2005-10-01,469.9,44.7575,21031.54925,3.78,4.350104821802936,3.0256522692391874,2.0784013209810492,5.166938786952424
2005-11-01,476.7,45.6315,21752.536050000002,4.0,3.338549817423053,1.4471164077463294,1.952745349941365,3.428120256048195
2005-12-01,510.1,45.5633,23241.83933,4.16,3.338549817423053,7.006503041745349,-0.1494581593855182,6.846573091876329
2006-01-01,549.9,44.201,24306.1299,4.29,4.018789144050117,7.802391687904331,-2.989906350066829,4.579201133303767
2006-02-01,555.0,44.23,24547.649999999998,4.49,3.63825363825363,0.9274413529732684,0.06560937535349254,0.9936592168052094
2006-03-01,557.1,44.3378,24700.58838,4.59,3.4179181771103018,0.3783783783783745,0.24372597784310113,0.6230265626241405
2006-04-01,610.7,44.8245,27374.322150000004,4.79,3.613835828600931,9.621252916891043,1.0977089526318373,10.824575224146948
2006-05-01,675.4,45.1959,30525.31086,4.94,3.977272727272729,10.594399869002768,0.8285647358029724,11.51074606609026
2006-06-01,596.2,45.8886,27358.78332,4.99,4.1817243159525175,-11.726384364820841,1.532661148466996,-10.373448953633368
2006-07-01,633.7,46.3675,29383.08475,5.24,4.104669061056954,6.289835625628992,1.0436143181530966,7.399091568959437
2006-08-01,632.6,46.4461,29381.802860000003,5.25,3.926568077511483,-0.17358371469149425,0.16951528549091766,-0.004362680130098884
2006-09-01,598.2,46.0105,27523.4811,5.25,2.012072434607637,-5.437875434713879,-0.9378613059008223,-6.324737011049441
2006-10-01,585.8,45.3552,26569.07616,5.25,1.4063284781516971,-2.072885322634588,-1.4242401191032372,-3.4676025773498598
2006-11-01,627.8,44.7257,28078.79446,5.25,1.9687026754164672,7.1696824854899255,-1.3879334673863153,5.68223859538215
2006-12-01,629.8,44.4835,28015.7083,5.24,2.5239777889954462,0.3185727938834093,-0.5415231064019199,-0.22467545780811005
2007-01-01,631.2,44.2062,27902.953440000005,5.25,2.075765178123423,0.22229279136234403,-0.6233772072790966,-0.4024701385115237
2007-02-01,664.8,44.0195,29264.1636,5.26,2.420260782347028,5.323193916349789,-0.4223389479303896,4.878373047236795
2007-03-01,654.9,43.7936,28680.42864,5.26,2.798197295943927,-1.4891696750902517,-0.5131816581287918,-1.9947091875880618
2007-04-01,679.4,42.0176,28546.75744,5.25,2.5929247633283525,3.7410291647579808,-4.055387088524343,-0.4660711374918858
2007-05-01,666.9,40.5686,27055.199340000003,5.25,2.709885742672613,-1.839858698851926,-3.4485548912836506,-5.22496505298361
2007-06-01,655.5,40.5905,26607.07275,5.25,2.692765113974227,-1.7094017094017033,0.053982636817617724,-1.6563418527006268
2007-07-01,665.3,40.2738,26794.15914,5.26,2.317890586495808,1.495041952707843,-0.7802318276443954,0.7031453319118031
2007-08-01,665.4,40.6791,27067.87314,5.02,1.897448478900876,0.015030813167005164,1.0063614558347922,1.0215435333120082
2007-09-01,712.7,40.1735,28631.653449999998,4.94,2.8338264299802685,7.108506161707262,-1.2428986875324233,5.777255944387805
2007-10-01,754.6,39.3661,29705.65906,4.76,3.610698365527476,5.879051494317378,-2.0097825681108072,3.7511127741035377
2007-11-01,806.3,39.3267,31709.11821,4.49,4.373267326732666,6.851311953352757,-0.10008611470275763,6.744368626709729
2007-12-01,803.2,39.375,31626.0,4.24,4.108813392417532,-0.3844722807887724,0.12281732258236921,-0.2621271567677552
2008-01-01,889.6,39.2676,34932.45696,3.94,4.294695655165981,10.756972111553775,-0.2727619047618979,10.45486928476571
2008-02-01,922.3,39.6735,36590.869049999994,2.98,4.142959270611968,3.675809352517967,1.03367661889191,4.747481953241883
2008-03-01,968.4,40.1452,38876.61168,2.61,3.9749035501344334,4.998373631139552,1.188954843913459,6.246756880457327
2008-04-01,909.7,39.9668,36357.79796,2.28,3.903760975988813,-6.061544816191644,-0.44438687564143375,-6.478994982208796
2008-05-01,888.7,42.0019,37327.08853,1.98,4.088413823123993,-2.308453336264704,5.091976340362492,2.6659771063868742
2008-06-01,889.5,42.7633,38037.955350000004,2.0,4.935966105947864,0.09001912906492215,1.8127751363628875,1.9044261098174697
2008-07-01,939.8,42.7027,40131.99746,2.01,5.497512078341837,5.654862282180995,-0.14171029831654414,5.505138461654968
2008-08-01,839.0,42.9057,35997.882300000005,2.0,5.308017162091239,-10.725686316237493,0.47537977692277966,-10.301294282998274
2008-09-01,829.9,45.53,37785.347,1.81,4.953319875136075,-1.0846245530393372,6.116436743835885,4.965471816101785
2008-10-01,806.6,48.6155,39213.2623,0.97,3.7310578899565128,-2.8075671767682775,6.7768504282890385,3.7790186232774303
2008-11-01,760.9,48.8517,37171.25853,0.39,1.0999174706166848,-5.665757500619895,0.4858532772469726,-5.207431491870551
2008-12-01,816.1,48.5132,39591.62252,0.16,-0.022228002553859,7.254566960178743,-0.6929134502995815,6.511385639651079
2009-01-01,858.7,48.6995,41818.260650000004,0.15,-0.1135860190221271,5.219948535718655,0.3840191947758642,5.624013334829114
2009-02-01,943.2,49.2484,46451.090879999996,0.22,0.0084631406715107,9.840456504017702,1.1271162948284896,11.078486187588465
2009-03-01,924.3,51.1291,47258.62713,0.18,-0.4464787676623838,-2.003816793893143,3.818804265722342,1.738465630626762
2009-04-01,890.2,49.9655,44479.2881,0.15,-0.5763244243767063,-3.6892783728226686,-2.275807710286315,-5.881125201446369
2009-05-01,928.6,48.51,45046.386,0.18,-1.015761495855172,4.313637384857327,-2.913009976884051,1.2749707205857996
2009-06-01,945.7,47.6736,45084.923520000004,0.21,-1.2291746182109151,1.8414818005599853,-1.7241805813234312,0.08555074762268688
2009-07-01,934.2,48.3624,45180.15408,0.16,-1.958761003762277,-1.216030453632233,1.4448248086991633,0.2112248453915111
2009-08-01,949.4,48.2426,45801.52444,0.16,-1.4838355663267633,1.6270605865981613,-0.24771309943261155,1.3753170449568364
2009-09-01,996.6,48.2924,48128.20584,0.15,-1.377942862886472,4.971560985885826,0.1032282671331819,5.079921309274216
2009-10-01,1043.2,46.6524,48667.78368,0.12,-0.2239682942003384,4.675898053381489,-3.395979491597023,1.1211260228436437
2009-11-01,1127.0,46.5305,52439.8735,0.12,1.9145871744709275,8.032975460122692,-0.26129416707392217,7.750691596728987
2009-12-01,1134.7,46.5273,52794.52731,0.12,2.8141231232083674,0.6832298136645987,-0.006877209572231369,0.6763056169462267
2010-01-01,1118.0,45.8944,51309.9392,0.11,2.621111388976716,-1.4717546488058564,-1.3602766547811673,-2.8120113686836534
2010-02-01,1095.4,46.2732,50687.66328000001,0.13,2.151336357866529,-2.02146690518783,0.8253730302607787,-1.212778517578117
2010-03-01,1113.3,45.4509,50600.48697,0.16,2.2861714393279886,1.6341062625524705,-1.777054536967415,-0.17198723389248993
2010-04-01,1148.7,44.444,51052.8228,0.2,2.2067707525304403,3.179735920237148,-2.2153576716852585,0.8939357249035718
2010-05-01,1205.4,45.769,55169.952600000004,0.2,2.003548929218568,4.936014625228524,2.981279812798121,8.064450845605343
2010-06-01,1232.9,46.4983,57327.75407,0.18,1.1215605940686268,2.2814003650240666,1.5934366055627258,3.9111896391225143
2010-07-01,1193.0,46.7617,55786.708099999996,0.18,1.3407784804821077,-3.23627220374727,0.5664723226440405,-2.6881324674228657
2010-08-01,1215.8,46.4605,56486.6759,0.19,1.1501775395112546,1.9111483654652206,-0.6441168734241831,1.2547214629428982
2010-09-01,1271.0,45.8729,58304.4559,0.19,1.1183122472331777,4.540220430991937,-1.2647302547325157,3.2180686348371124
2010-10-01,1342.0,44.354,59523.068,0.19,1.1666951489314623,5.58615263571991,-3.311105249504609,2.0900839930486415
2010-11-01,1369.9,44.9315,61551.661850000004,0.19,1.084544776600338,2.078986587183307,1.3020246201019159,3.408080124498958
2010-12-01,1390.6,45.1,62716.06,0.18,1.437793022217937,1.5110592014015545,0.3750153010694035,1.8917412056844274
2011-01-01,1356.4,45.375,61546.65,0.17,1.7007834915029774,-2.4593700560908816,0.6097560975609762,-1.8646101174085161
2011-02-01,1372.7,45.3795,62292.43965,0.16,2.124898173333145,1.201710409908574,0.009917355371902303,1.2117469431723649
2011-03-01,1424.0,44.9143,63957.9632,0.14,2.619241510354109,3.7371603409339205,-1.0251324937471828,2.6737170021883916
2011-04-01,1473.8,44.301,65290.8138,0.1,3.0772344447868694,3.497191011235956,-1.365489387566976,2.083947851547596
2011-05-01,1510.4,44.9024,67820.58496000001,0.09,3.4589718808965,2.483376306147389,1.3575314326990329,3.8746203527945777
2011-06-01,1528.7,44.8109,68502.42283,0.09,3.502318150636041,1.211599576271194,-0.20377529931585592,1.0053553362922685
2011-07-01,1572.8,44.396,69826.0288,0.07,3.5798809769996165,2.884804081899639,-0.9258907988904386,1.9322031474488854
2011-08-01,1755.8,45.3135,79561.4433,0.1,3.75499603070808,11.635300101729396,2.0666276241102732,13.942386051890153
2011-09-01,1771.9,47.6905,84502.79695,0.08,3.812621692818685,0.9169609294908287,5.245677336776011,6.210739077932237
2011-10-01,1665.2,49.202,81931.1704,0.07,3.5222681306640524,-6.021784525086071,3.1693943238171096,-3.0432442981995322
2011-11-01,1739.0,50.6785,88129.9115,0.08,3.451432214581729,4.431900072063422,3.0008942725905374,7.565790980083453
2011-12-01,1652.3,52.3824,86551.43951999999,0.07,3.062066838419386,-4.985623921794136,3.362175281430968,-1.791074055486841
2012-01-01,1656.1,51.0015,84463.58415,0.08,3.0087663379855023,0.2299824487078661,-2.6361907816365715,-2.412271109040931
2012-02-01,1742.6,49.1812,85703.15912,0.1,2.898178442347388,5.223114546223062,-3.5691107124300347,1.467585093001289
2012-03-01,1673.8,50.3635,84298.4263,0.13,2.5828752813320977,-3.9481234936302068,2.403967369645321,-1.6390677244850549
2012-04-01,1650.1,51.69,85293.669,0.14,2.2731633741348567,-1.4159397777512295,2.6338518967109037,1.180618362267083
2012-05-01,1585.5,54.3314,86142.4347,0.16,1.7379429374660749,-3.9149142476213483,5.1100793190172356,0.9951098480709186
2012-06-01,1596.7,55.9424,89323.23008000001,0.16,1.653870448297634,0.7064017660044275,2.9651361827598643,3.692483723123763
2012-07-01,1593.9,55.4248,88341.58872,0.16,1.4175114798464783,-0.17536168347216385,-0.9252373870266561,-1.0989765586408184
2012-08-01,1626.0,55.4935,90232.431,0.13,1.6859349154821237,2.01392810088461,0.12395173279831084,2.140376132461297
2012-09-01,1744.5,54.35,94813.575,0.14,1.9497168982819613,7.287822878228778,-2.0606016920900583,5.077048184593402
2012-10-01,1747.0,53.0995,92764.8265,0.16,2.1556780595369363,0.1433075379764892,-2.3008279668813247,-2.1608176888172403
2012-11-01,1721.1,54.7845,94289.60295,0.16,1.7960197033926262,-1.4825414997137965,3.1732878840667,1.6437010745662395
2012-12-01,1688.5,54.647,92271.4595,0.16,1.7595049796895523,-1.8941374702225233,-0.25098339858902197,-2.1403668982148405
2013-01-01,1671.0,54.229,90616.659,0.14,1.684061762098299,-1.0364228605270975,-0.7649093271359764,-1.793404492534334
2013-02-01,1627.6,53.8079,87577.73804,0.15,2.0181404902574807,-2.597247157390792,-0.7765217872356178,-3.353600754580899
2013-03-01,1592.9,54.4229,86690.23741,0.14,1.5187472411246183,-2.1319734578520433,1.1429548449205518,-1.0133861068604477
2013-04-01,1485.1,54.3236,80675.97836,0.15,1.138808047576867,-6.767530918450637,-0.18245995711364538,-6.937642841552815
2013-05-01,1413.5,54.9845,77720.59075,0.11,1.3903888279197083,-4.821224159989224,1.2165983108630485,-3.663280780819511
2013-06-01,1342.4,58.3835,78374.0104,0.09,1.7157935271568725,-5.030067209055533,6.181742127326784,0.8407291345762236
2013-07-01,1286.7,59.7609,76894.35003,0.09,1.885471805415806,-4.149284862932068,2.359228206599462,-1.887947755191044
2013-08-01,1347.1,62.8109,84612.56339,0.08,1.538809488600279,4.694178907282187,5.103671464117832,10.037425840765636
2013-09-01,1348.8,63.648,85848.4224,0.08,1.0947341081747997,0.12619701581175757,1.332730465572074,1.4606093474601733
2013-10-01,1316.2,61.6059,81085.68558,0.09,0.8767991434911471,-2.4169632265717556,-3.20842760180996,-5.547844313094785
2013-11-01,1275.8,62.5179,79760.33682,0.08,1.2328701961954458,-3.069442333991801,1.4803776910977673,-1.634503982447566
2013-12-01,1225.4,61.811,75743.19940000001,0.09,1.5128383667573295,-3.950462454930226,-1.1307161628909435,-5.036510100334334
2014-01-01,1244.8,62.1057,77309.17536,0.07,1.557758795574915,1.5831565203198839,0.47677597838571284,2.0674806086947273
2014-02-01,1301.0,62.1642,80875.6242,0.07,1.1204746347724948,4.514781491002573,0.09419425270145165,4.6132284083905795
2014-03-01,1336.1,60.9476,81432.08836,0.08,1.6126949139408042,2.6979246733282114,-1.9570749724117764,0.6880492923601933
2014-04-01,1299.0,60.3464,78389.9736,0.09,2.015125303606169,-2.7767382680937036,-0.9864211224067887,-3.735769057710059
2014-05-01,1287.5,59.2843,76328.53625,0.09,2.166947687079812,-0.8852963818321791,-1.7600055678549165,-2.629720684074821
2014-06-01,1279.1,59.7367,76409.21297,0.1,2.0589816945944195,-0.6524271844660312,0.7631025414823078,0.10569666859030491
2014-07-01,1311.0,60.0956,78785.33159999999,0.09,1.9742378703305972,2.4939410523024064,0.6008031913379952,3.1097279210727136
2014-08-01,1296.0,60.8738,78892.4448,0.09,1.7150983482969062,-1.1441647597253968,1.2949367341369422,0.13595576463880654
2014-09-01,1238.8,60.8976,75439.94687999999,0.09,1.6840509711232077,-4.413580246913584,0.03909727994637624,-4.376208556792005
2014-10-01,1222.5,61.3668,75020.913,0.09,1.6095417021513292,-1.3157894736842035,0.7704737132497863,-0.5554535724508591
2014-11-01,1176.3,61.6828,72557.47764,0.09,1.231524989320798,-3.779141104294481,0.5149364151300073,-3.2836648628896348
2014-12-01,1202.3,62.7071,75392.74633,0.12,0.6531213919623191,2.2103204964719847,1.6605925801033594,3.9076174947362707
2015-01-01,1251.9,62.13,77780.547,0.11,-0.2299309782054281,4.125426266322885,-0.9203104592621747,3.167149077642595
2015-02-01,1227.2,61.9905,76074.7416,0.11,-0.0870314629352053,-1.9730010384216068,-0.22452921294061623,-2.193100287659344
2015-03-01,1178.6,62.4805,73639.51729999999,0.11,-0.0220312844238734,-3.960234680573671,0.7904436970180839,-3.2010944089752913
2015-04-01,1197.9,62.6414,75038.13306000001,0.12,-0.1040309893939106,1.6375360597318922,0.2575203463480502,1.899273394612555
2015-05-01,1199.1,63.715,76400.6565,0.12,0.0350332182442958,0.10017530678685382,1.71388251220439,1.8157747060558282
2015-06-01,1181.5,63.7809,75357.13335,0.13,0.1795718097550525,-1.4677674922858763,0.10342933375186991,-1.3658562606723046
2015-07-01,1130.0,63.6045,71873.085,0.13,0.2256861110409458,-4.358865848497673,-0.27657182636181554,-4.623382279973631
2015-08-01,1117.5,65.0971,72746.00925,0.14,0.2413037985344868,-1.106194690265483,2.3466893065742234,1.2145356638023852
2015-09-01,1124.5,66.1667,74404.45415,0.14,0.00884296163417,0.6263982102908239,1.643083946903956,2.2797744056317404
2015-10-01,1159.3,65.0262,75384.87366,0.12,0.127616560670507,3.094708759448639,-1.7236767135130004,1.317689271697975
2015-11-01,1085.7,66.1,71764.77,0.12,0.4363182169185187,-6.348658673337349,1.6513343852170292,-4.8021618717931975
2015-12-01,1068.3,66.5023,71044.40709000001,0.24,0.6387247515364791,-1.6026526664824625,0.6086232980333062,-1.0037834859639272
2016-01-01,1097.4,67.3332,73891.45368,0.34,1.2375025026943876,2.7239539455209405,1.2494304708258186,4.007418326953349
2016-02-01,1199.9,68.2395,81880.57605000002,0.38,0.8472775790126619,9.340258793511946,1.3459927643421077,10.81197076538556
2016-03-01,1246.3,66.8909,83366.12867,0.36,0.8916160965521946,3.866988915742975,-1.9762747382381263,1.814291852432559
2016-04-01,1242.3,66.4219,82515.92636999999,0.37,1.1726257503534845,-0.3209500120356257,-0.701141709858899,-1.0198414074923612
2016-05-01,1259.4,66.8895,84240.6363,0.37,1.0784764621246223,1.376479111325768,0.7039846797517235,2.0901539931412083
2016-06-01,1276.4,67.2655,85857.6842,0.38,1.0792865347959424,1.349849134508485,0.5621211101892065,1.9195580316384797
2016-07-01,1337.3,67.158,89810.3934,0.39,0.8683633430518256,4.771231588843605,-0.15981446655417564,4.603792003977669
2016-08-01,1341.1,66.9035,89724.28384999999,0.4,1.0553158595656864,0.28415463994615475,-0.3789570862741676,-0.09587927047206568
2016-09-01,1326.0,66.7138,88462.4988,0.4,1.5486446201652182,-1.1259413913951133,-0.28354271450670154,-1.406291581116914
2016-10-01,1266.6,66.7415,84534.7839,0.4,1.685924966243646,-4.47963800904978,0.041520644904036175,-4.4399773387364565
2016-11-01,1236.0,67.6395,83602.42199999999,0.41,1.6843334719788938,-2.415916627190895,1.3454896878254186,-1.1029328484508105
2016-12-01,1151.4,67.8052,78070.90728,0.54,2.0507989115119862,-6.844660194174745,0.2449751994027194,-6.616452714731147
2017-01-01,1192.6,68.0474,81153.32923999999,0.65,2.510393348257112,3.578252562098294,0.35719974279257993,3.948233813839175
2017-02-01,1234.4,66.9726,82670.97744,0.66,2.8103616813294208,3.5049471742411686,-1.5794872397769777,1.8700997410861175
2017-03-01,1231.1,65.8009,81007.48799,0.79,2.44119623655914,-0.267336357744663,-1.7495214460839237,-2.0121806969166656
2017-04-01,1265.6,64.536,81676.7616,0.9,2.176223471915395,2.8023718625619365,-1.9223141324814619,0.8261873397217512
2017-05-01,1245.0,64.4195,80202.2775,0.91,1.856343166761976,-1.627686472819212,-0.18051940002479228,-1.8052675829889897
2017-06-01,1260.3,64.4482,81224.06646,1.04,1.640565809959127,1.2289156626505982,0.044551727349628756,1.2740148931556172
2017-07-01,1236.2,64.424,79640.94880000001,1.15,1.7251073506566073,-1.9122431167182374,-0.03754953590634491,-1.9490746142088566
2017-08-01,1282.3,63.9683,82026.55109,1.16,1.92812155729698,3.729170037210805,-0.7073450887868038,2.9954468473132767
2017-09-01,1315.0,64.4775,84787.9125,1.15,2.1805652303711787,2.550105279575776,0.7960192782987985,3.3664238875168895
2017-10-01,1279.5,65.0357,83213.17815,1.15,2.020757753132485,-2.6996197718631154,0.8657283548524575,-1.8572627908488681
2017-11-01,1282.3,64.8435,83148.82005000001,1.16,2.172493864295566,0.2188354826103911,-0.2955299935266331,-0.0773412354038272
2017-12-01,1261.3,64.2445,81031.58785,1.3,2.129930719552253,-1.6376822896358112,-0.923762597638933,-2.5463165908149454
2018-01-01,1331.7,63.6452,84756.31284000001,1.41,2.151318868063945,5.581542852612387,-0.9328425001361995,4.596633348583734
2018-02-01,1331.5,64.43,85788.54500000001,1.42,2.263468931091861,-0.015018397536981087,1.2330859200693878,1.217882332786946
2018-03-01,1324.7,65.0455,86165.77385000001,1.51,2.3309497646499366,-0.510702215546377,0.9553003259351156,0.4397193704590796
2018-04-01,1334.7,65.6729,87653.61963,1.69,2.4709963021052994,0.7548878991469721,0.9645555803245331,1.7267247928279161
2018-05-01,1303.0,67.51,87965.53000000001,1.7,2.781921607842497,-2.3750655578032576,2.7973486780696444,0.3558442552819008
2018-06-01,1281.6,67.79,86879.664,1.82,2.8075506935940187,-1.6423637759017673,0.41475336987113476,-1.2344221651367393
2018-07-01,1238.5,68.6867,85068.47795,1.91,2.854124785561929,-3.3629837702871312,1.3227614692432388,-2.084706554574156
2018-08-01,1201.3,69.6317,83648.56120999999,1.91,2.642923856874257,-3.0036334275333143,1.3758122023623143,-1.6691455803812372
2018-09-01,1198.5,72.2779,86625.06315,1.95,2.332055105808828,-0.23308082910180605,3.8002806193156324,3.5583420646381425
2018-10-01,1215.4,73.5609,89405.91786000002,2.19,2.492032470218053,1.4100959532749258,1.775093078243839,3.2102195471819472
2018-11-01,1221.0,71.738,87592.098,2.2,2.147328577667773,0.46075366134605833,-2.4780827858278065,-2.0287469816486436
2018-12-01,1247.9,70.8331,88392.62549,2.27,2.0023809043401064,2.203112203112201,-1.2613956341130161,0.9139266078545205
2019-01-01,1291.8,70.71,91343.17799999999,2.4,1.4875893578291333,3.5179100889494164,-0.17378880777491057,3.338007547172328
2019-02-01,1320.1,71.1739,93956.66539,2.4,1.5188615351321877,2.1907416008670078,0.6560599632301045,2.861174142638223
2019-03-01,1300.9,69.4895,90398.89055000001,2.41,1.8831863513063984,-1.4544352700552876,-2.3665978680387,-3.7866125040008525
2019-04-01,1286.5,69.4068,89291.84820000001,2.42,2.000583470209061,-1.106925974325479,-0.11901078580217606,-1.2246193988273535
2019-05-01,1284.0,69.7827,89600.98680000001,2.39,1.7959105553606136,-0.1943256898562007,0.5415895848821739,0.34621144732895903
2019-06-01,1359.0,69.388,94298.292,2.38,1.671194894390049,5.841121495327095,-0.5656129671107624,5.242470387614073
2019-07-01,1413.0,68.7391,97128.3483,2.4,1.826331335037068,3.9735099337748325,-0.9351761111431545,3.0011745069571383
2019-08-01,1498.8,71.1891,106698.22308,2.13,1.7376412106666406,6.072186836518045,3.5642014515756104,9.85281325946319
2019-09-01,1511.3,71.311,107772.31430000001,2.04,1.6844977040391562,0.8340005337603484,0.17123407937451596,1.0066627062708333
2019-10-01,1494.8,71.0086,106143.65527999999,1.83,1.7339736996186297,-1.0917752927942836,-0.4240579994671312,-1.5112035317961237
2019-11-01,1470.0,71.4942,105096.47400000002,1.55,2.092290394862917,-1.6590848274016579,0.6838608281250602,-0.9865698305165593
2019-12-01,1476.0,71.1567,105027.2892,1.55,2.3195274699624457,0.40816326530612734,-0.47206626551524744,-0.06582980129287153
2020-01-01,1560.7,71.279,111245.1353,1.55,2.599767976845202,5.738482384823862,0.17187418753257244,5.920219542332039
2020-02-01,1597.1,71.5295,114239.76444999999,1.58,2.34131667975952,2.3322867943871284,0.35143590678881065,2.691919194420711
2020-03-01,1591.9,74.5482,118673.27958,0.65,1.4940399642909163,-0.32559013211445054,4.220216833614088,3.880886091935576
2020-04-01,1682.9,76.1682,128183.46378,0.05,0.3130472940411133,5.716439474841395,2.173090698366975,8.0137535877139
2020-05-01,1716.4,75.6575,129858.53300000001,0.05,0.1982013035848551,1.990611444530277,-0.670489784450734,1.3067748136958768
2020-06-01,1732.2,75.7077,131140.87794,0.08,0.7166562831830481,0.9205313446748908,0.06635165053034964,0.9874937829460917
2020-07-01,1843.3,74.9286,138115.88838,0.09,0.9968647625897996,6.413809028980477,-1.0290895113707066,5.318715681613173
2020-08-01,1968.6,74.5657,146790.03702000002,0.1,1.2810698495523851,6.797591276514936,-0.484327746681501,6.280340909175286
2020-09-01,1922.2,73.5233,141326.48726000002,0.09,1.3910228912373812,-2.3570049781570623,-1.3979617974484215,-3.722016746446888
2020-10-01,1900.3,73.5648,139795.18944000002,0.09,1.2303863428671624,-1.1393195297055514,0.05644469168277766,-1.0835179234185977
2020-11-01,1863.5,74.2311,138329.65485,0.09,1.1757452138405844,-1.9365363363679444,0.9057320892600806,-1.0483440781265396
2020-12-01,1856.0,73.6195,136637.79200000002,0.09,1.3204191315779434,-0.40246847330291935,-0.8239134271215143,-1.2230659086329476
2021-01-01,1867.0,73.1106,136497.4902,0.09,1.3738437137002402,0.592672413793105,-0.6912570718355826,-0.10268154801565954
2021-02-01,1808.2,72.8053,131646.54346000002,0.08,1.6698167791706853,-3.149437600428495,-0.4175865059239059,-3.5538724799205057
2021-03-01,1718.2,72.8196,125118.63672,0.07,2.6678187820641908,-4.977325517088815,0.019641427203787032,-4.958661707653178
2021-04-01,1761.7,74.5186,131279.41762000002,0.07,4.133077115360573,2.5317192410662326,2.3331630495086575,4.9239514284247665
2021-05-01,1853.2,73.2065,135666.2858,0.06,4.918257089467626,5.193846852472039,-1.7607684524400646,3.3416267831855917
2021-06-01,1834.6,73.5782,134986.56571999998,0.08,5.295632620349999,-1.0036693287286957,0.5077417988839761,-0.5010235785492645
2021-07-01,1807.1,74.539,134699.4269,0.1,5.245169381309234,-1.498964351902321,1.3058215612776758,-0.2127165903276662
2021-08-01,1784.0,74.1155,132222.052,0.09,5.152015301793966,-1.2782911847711742,-0.568158950348141,-1.839187409341525
2021-09-01,1777.3,73.6357,130872.72961,0.08,5.351215590949132,-0.37556053811659273,-0.6473679594686588,-1.02049723899309
2021-10-01,1776.9,74.92,133125.348,0.08,6.235042390298062,-0.022506048500525733,1.7441268297850199,1.7212282472542473
2021-11-01,1820.2,74.477,135563.03540000002,0.08,6.901970403700863,2.4368281839157957,-0.5912973838761326,1.8311218987386413
2021-12-01,1786.7,75.3948,134707.88916000002,0.08,7.174340285065539,-1.840457092627179,1.2323267585966136,-0.630810779263502
2022-01-01,1816.8,74.4075,135183.546,0.08,7.558805726967832,1.6846700621256927,-1.3095067564341423,0.3531024374044067
2022-02-01,1856.3,74.9695,139165.88285,0.08,7.937278766517819,2.174152355790393,0.7553002049524471,2.945873937942123
2022-03-01,1947.8,76.1896,148402.10288,0.2,8.572204966013853,4.929160157302159,1.627461834479349,6.636842192101966
2022-04-01,1933.9,76.1719,147308.83741,0.33,8.231750770777225,-0.7136256289146714,-0.023231517162458637,-0.7366913600166503
2022-05-01,1848.3,77.2933,142861.20639,0.77,8.538171195642065,-4.426288846372617,1.472196439894513,-3.0192560732938634
2022-06-01,1833.8,78.09,143201.442,1.21,8.979361103105798,-0.7845046799761946,1.0307491076199327,0.2381581526556431
2022-07-01,1736.4,79.5915,138202.6806,1.68,8.462576727730099,-5.311375286290754,1.9227814060699178,-3.4907200166322427
2022-08-01,1765.7,79.5065,140384.62705,2.33,8.222579178218826,1.6873992167703245,-0.10679532362123378,1.5788018296947648
2022-09-01,1683.0,80.2538,135067.1454,2.56,8.192106896425821,-4.6836948519001,0.9399231509373385,-3.787794833195024
2022-10-01,1664.5,82.2915,136974.20175,3.08,7.758813957693,-1.0992275698158083,2.5390698010561596,1.411932075970257
2022-11-01,1726.5,81.6805,141021.38324999998,3.78,7.122856456533988,3.724842294983488,-0.7424825164202953,2.954703475758702
2022-12-01,1796.7,82.4738,148180.67646,4.1,6.404600402357152,4.0660295395308355,0.971223241777408,5.076743005213724
2023-01-01,1898.6,81.741,155193.4626,4.33,6.327178517960097,5.671508877386322,-0.8885245981147927,4.7325915278116915
2023-02-01,1854.5,82.5995,153180.77275,4.57,5.957820738137087,-2.322764141999367,1.0502685310921134,-1.2968908717421623
2023-03-01,1912.7,82.2665,157351.13455,4.65,4.917719362889961,3.138312213534644,-0.4031501401340343,2.7225099633139127
2023-04-01,2000.4,81.9685,163969.78740000003,4.83,4.950079879124369,4.585141423119143,-0.36223736271749907,4.206294965033686
2023-05-01,1990.2,82.2977,163788.88254000002,5.06,4.131851231385042,-0.5098980203959269,0.40161769460218544,-0.11032816646806554
2023-06-01,1942.9,82.2252,159755.34108,5.08,3.070617072997095,-2.3766455632599714,-0.08809480702377526,-2.462646668961155
2023-07-01,1948.9,82.1565,160114.80285,5.12,3.287749268428297,0.30881671727829296,-0.08355102815196247,0.22500766958395424
2023-08-01,1920.0,82.8122,158999.424,5.33,3.722504803505289,-1.4828877828518716,0.7981109224468153,-0.6966119497676448
2023-09-01,1917.0,83.07,159245.18999999997,5.33,3.687206638119256,-0.15625000000000222,0.31130678813022783,0.1545703712737767
2023-10-01,1913.0,83.2162,159192.5906,5.33,3.2512659098611785,-0.20865936358893666,0.175996147827151,-0.033030448203785756
2023-11-01,1985.3,83.266,165307.9898,5.33,3.133346274591186,3.779404077365389,0.05984411689070601,3.8415099452499435
2023-12-01,2029.3,83.254,168947.3422,5.33,3.3159099427102934,2.216289729511911,-0.01441164460884714,2.2015586811037435
2024-01-01,2034.0,83.1119,169049.60460000002,5.33,3.0883429864855705,0.2316069580643676,-0.17068248973022282,0.06052915581171714
2024-02-01,2023.2,82.9485,167821.4052,5.33,3.157074141648697,-0.5309734513274322,-0.1966024119289922,-0.7265319566444051
2024-03-01,2158.0,83.0214,179160.1812,5.33,3.4868349120836584,6.662712534598647,0.08788585688710437,6.756453973488696
2024-04-01,2335.5,83.3968,194773.22639999999,5.33,3.3607951262196734,8.225208526413352,0.45217257237291086,8.714573235763169
2024-05-01,2352.1,83.3873,196135.26833,5.33,3.244278584003113,0.7107685720402435,-0.011391324367360234,0.6992962817193416
2024-06-01,2326.3,83.46,194152.998,5.33,2.9702579486470926,-1.0968921389396646,0.08718353993952821,-1.010664908396186
2024-07-01,2395.3,83.5895,200221.92935000002,5.33,2.9414757935583014,2.9660834802046177,0.15516415049126042,3.125849928930813
2024-08-01,2468.0,83.8855,207029.414,5.33,2.607144490692037,3.0351104245814664,0.3541114613677454,3.39996955982782
2024-09-01,2567.1,83.791,215099.8761,5.13,2.4264830315416708,4.015397082658012,-0.1126535575278198,3.8982200374677145
2024-10-01,2690.1,84.005,225981.85049999997,4.83,2.578844053871343,4.791398854738804,0.255397357711451,5.0590333185226655
2024-11-01,2650.7,84.3326,223540.42281999998,4.64,2.719472461284833,-1.4646295676740695,0.3899767870960025,-1.0803644959089254
2024-12-01,2644.1,84.9686,224665.47525999998,4.48,2.870690967509981,-0.2489908326102519,0.7541567555132911,0.5032881417182944
2025-01-01,2709.7,86.2652,233752.81243999998,4.33,2.9909783078999608,2.480995423773691,1.5259754780001078,4.044830283550893
2025-02-01,2894.7,87.0637,252023.29239,4.33,2.8015834477613355,6.827324058013806,0.925633975229867,7.816154064323699
2025-03-01,2983.3,86.5214,258119.29262000002,4.33,2.381981462805549,3.060766227933831,-0.6228772726176279,2.418824138114428
2025-04-01,3207.5,85.5768,274487.586,4.33,2.32538823025783,7.515167767237618,-1.091753022951536,6.34136767300737
2025-05-01,3278.0,85.2462,279437.04360000003,4.33,2.3772651073680877,2.197973499610284,-0.3863196567293947,1.803162639202216
2025-06-01,3352.0,85.8765,287858.028,4.33,2.680453865910226,2.2574740695546103,0.7393877967580842,3.013553354097942
2025-07-01,3338.3,86.1714,287665.98462000006,4.33,2.742618052167134,-0.4087112171837659,0.34340011528184444,-0.0667146166928978
2025-08-01,3363.0,87.5695,294496.2285,4.33,2.9385917430316155,0.7398975526465401,1.6224640658037304,2.3743661903657287
2025-09-01,3665.2,88.3214,323715.59527999995,4.22,3.022571584713329,8.986024382991364,0.8586322863554097,9.921813575958893
2025-10-01,4053.3,88.3691,358186.47303000005,4.09,2.729136238202212,10.588780966932232,0.05400729608000532,10.648506977300332
2025-11-01,4083.0,88.8444,362751.68519999995,3.88,2.6964439164939518,0.7327362889497424,0.5378576900749055,1.2745350575027237
2025-12-01,4289.5,90.035,386205.1325,3.72,2.653304114557753,5.057555718834195,1.3400957179068085,6.465427524359857
2026-01-01,4744.5,90.9025,431286.91125,3.64,2.391201432150014,10.60729688774915,0.9635141889265286,11.673013887250704
2026-02-01,5019.5,90.7458,455498.5431,3.64,2.4340041103732224,5.796185056381065,-0.17238249773108283,5.613810950076692
